"Business Name","Business Type","Address","Phone","Website","Rating","Reviews","Status"
"Webzyro Digital Technologies - Best Digital Marketing Company Agency in Patna | Website Development & SEO Company in Patna","Digital Marketing Agency","2nd Floor, Leelavart Central, Patliputra Colony, Main Road, near Petrol pump, Alpana market, Patna, Bihar 800013","+91 92629 93859","https://www.webzyro.com/","4.9","224","Open"
"Labasha- Best Digital Marketing and SEO agency in Patna","Digital Marketing Agency","H NO - 4109A, 11A, 2 ROAD, Ashok Nagar, KANKARBAGH, Patna, Bihar 800020","+91 95468 44463","https://labasha.in/","4.4","30","Open"
"Go Sparrow - Best Digital Marketing Agency in Patna","Digital Marketing Agency","2nd Floor, Patna One Mall, Office No, 208 & 209, New Dak Bunglow Rd, near Hari Narayan Complex, opp. to Bharat petroleum, Patna, Bihar 800001","+91 92644 99240","https://gosparrow.in/","4.3","175","Open"
"Genmish India Private Limited-Best Digital Marketing Company/Agency In Patna/Best Website Development Company In Patna","Digital Marketing Agency","Ground floor, Shanti Niketan Dadi Ji Lane Opp Shadeo Mahto Marg, Boring Rd, Patna, Bihar 800001","+91 86868 13557","https://www.genmish.com/","4.9","141","Open"
"Digital your Business - Best Digital marketing Company / Agency In Patna","Digital Marketing Agency","Maatri chhaya complex, Bypass Rd, near Patna Central school, New Jaganpura, East Lakshmi Nagar, Ramkrishan Nagar, Patna, Bihar 800027","+91 95070 70703","http://digitalyourbusiness.in/","4.9","254","Open"
"Traffa Digital - Best Digital Marketing Company Agency In Patna","Digital Marketing Agency","House no. 11, Gayatri Nagar, F Sector, Kankarbagh, Patna, Bihar 800020","+91 92883 95556","https://traffadigital.com/","4.9","168","Open"
"S AADEE IT SERVICES, Digital Marketing Agency","Digital Marketing Agency","2nd Floor, Boring Rd, above Mahavir Medical Shop, opposite of AN College, Anandpuri, Patna, Bihar 800001","+91 72094 78031","https://saadee.net/","4.7","51","Open"
"Bazaar Digital Patna - A Creative Agency","Digital Marketing Agency","LG 9, Dumraon Palace, near Dak Bunglow, Chauraha, Fraser Road Area, Patna, Bihar 800001","+91 82105 46110","https://www.bazaardigital.in/","4.8","25","Open"
"Krishna Digital Media","Digital Marketing Agency","Bazar Samiti Rd, near st. Thomas School, behind Bank of Baroda, Rajendra Nagar, Patna, Bihar 800016","+91 70708 52464","https://www.krishnadigitalmedia.com/","4.9","119","Open"
"Candent Seo","Digital Marketing Agency","14/5, 14, Main Rd, Ashok Nagar, Lohia Nagar, Patna, Bihar 800020","+91 99057 42606","https://candentseo.com/","4.5","103","Open"
"Digital Web Seo Ads Agency- Best Digital Marketing Company Agency in Patna| Website design Development & SEO Company in Patna","Digital Marketing Agency","1st Floor Dpl House, Dadiji Lane, Boring Rd, opposite Fashion planet, Patna, Bihar 800001","+91 91425 69346","https://digitalwebseoadsagency.online/","4.9","54","Open"
"Digital Sankalan","Digital Marketing Agency","101, Prajapati Bhawan, Bharat Lal Tent Rd, Purandarpur, Jakkanpur, Mithapur, Patna, Bihar 800001","+91 76449 56478","https://www.digitalsankalan.com/","5.0","49","Open"
"Ghosting Tech","Digital Marketing Agency","1st Floor, Basant Vihar, S/460, Market, near Panch Shiv Mandir, Kankarbagh Colony, Khasmahal, Mithapur, Patna, Bihar 800020","+91 94700 17395","https://ghosting.in/","4.7","210","Open"
"Social Unbox | Digital Marketing Agency/ Company In Patna | Website Development Company In Patna | SEO Company in Patna","Digital Marketing Agency","Office - 23, Ground Floor, Signature Tower, Pul, Main Road, Kurji, Patna, Bihar 800010","+91 85073 45112","https://www.socialunbox.com/","5.0","34","Open"
"Cleando Digital - Best Digital Marketing Company Agency in Patna | Website Development & SEO Company in Patna","Digital Marketing Agency","Ashirvad Colony, Ashiana - Digha Rd, Friends Colony, Kautilya Nagar, Patna, Bihar 800025","+91 91721 93057","https://www.cleandodigital.com/","5.0","91","Open"
"Digital Guru Rajeev","Digital Marketing Agency","Ganga Marker, Boring Rd, behind A N College, Shivpuri, Patna, Bihar 800023","+91 93342 85656","https://digitalgururajeev.com/","4.9","140","Open"
"Progressix: Best Digital marketing agency in Patna","Digital Marketing Agency","BHub Block A 5th Floor Maurya Lok Complex Near Dak Bunglaw Chouraha, Fraser Road Area, Patna, Bihar 800001","+91 97174 33586","https://progressix.in/","5.0","21","Open"
"Zenjex Digital Marketing Patna","Digital Marketing Agency","champran meat house, East Ram Krishna Nagar, Ramkrishan Nagar, Patna, Bihar 800020","N/A","https://zenjexmedia.com/","4.4","31","Open"
"Mediaweber | Best Digital Marketing Agency in Patna | Social Media Marketing Company","Digital Marketing Agency","A/33, Ashokpuri, Khajpura, Patna, Bihar 800014","+91 92041 41210","https://www.mediaweber.com/","5.0","35","Open"
"Transforming Brand | Best Digital Marketing & Web Development agency in Patna","Digital Marketing Agency","2nd Floor, Gate No. 3, A-9, near Imam Plaza, Ali Nagar Colony, Anisabad, Patna, Bihar 800002","+91 74885 97614","https://www.transformingbrand.com/","4.9","64","Open"
"TJF Digital Marketing Company in Patna | Website Development | SEO | PPC Experts","Digital Marketing Agency","302 NK market Ashiana digha road, more, opposite Pizza wing, Ram Nagari, Patna, Bihar 800025","+91 85560 20151","https://www.tjfdigital.com/","4.8","32","Open"
"Digital Spectra","Digital Marketing Agency","302, 3rd Floor, Shyamanand Plaza, New Dak Bunglow Rd, near J. K. Mansion, Patna, Bihar 800001","+91 96876 50272","https://www.digitalspectra.in/","4.9","28","Open"
"Sarswati Media","Digital Marketing Agency","Ground Floor, Nirmala Kunj, Atal Path, Mahesh Nagar, Patna, Bihar 800024","+91 97081 14444","http://sarswatimedia.com/","4.9","249","Open"
"Devilious Rishu - best digital marketing company in patna,best website development company in patna","Digital Marketing Agency","First Floor, Devi Asthan Mandir, Teliyana Gali, near Sk Dairy, Shivaji Nagar, Dupulwa, Jai Prakash Nagar, Patna, Bihar 800001","+91 77649 34685","https://deviliousrishu.in/","5.0","31","Open"
"RyseVisibility - Best Digital Marketing Agency in Patna | Website Development, Ads, and SEO Company in Patna","Digital Marketing Agency","Road No. 6, Rajeev Nagar, Keshri Nagar, Patna, Bihar 800024","+91 70707 04595","https://rysevisibility.com/","4.9","90","Open"
"Akrist Digitized - Best Digital Marketing Agency in Patna | SMM | Website Development | SEO | Branding","Digital Marketing Agency","Shop No. 407, Pragati Tower, 407, Saguna Khagaul Rd, opp. St. Karen's Secondary School, Balaji Nagar, Patna, Bihar 801503","+91 82989 55712","https://akristdigitized.in/","5.0","41","Open"
"Umda","Digital Marketing Agency","Umda, E-24, Second Floor, Krishna Apartment, Boring Rd, Anandpuri, Patna, Bihar 800013","+91 99053 36416","http://www.umdaservices.in/","4.7","111","Open"
"Digital Care: Digital Marketing Agency in Patna India","Digital Marketing Agency","Jagdeo Path - Anisabad Rd, Murlichack, Mahuabagh, Patna, Bihar 801506","+91 87896 69772","https://digitalcare.co.in/","5.0","21","Open"
"DigiSpot","Digital Marketing Agency","2M, 56, Bahadurpur Housing Colony, Mahatma Gandhi Nagar, Kankarbagh, Patna, Bihar 800026","+91 82108 39448","No Website Available","4.9","39","Open"
"Digital Marketing Experts","Digital Marketing Agency","Boring Rd, crossing, Anandpuri, Patna, Bihar 800001","N/A","https://digitalmarketingexperts.site/","5.0","24","Open"
"Flipsoft Technologies - Digital Marketing | Website Design","Digital Marketing Agency","J-406, PC Colony, Kankarbagh, Lohia Nagar, Patna, Bihar 800020","+91 88730 31818","https://flipsofttechnologies.com/","4.7","59","Open"
"DG Softech - Best Digital marketing Company / Agency In Patna","Digital Marketing Agency","A-1, Housing Board Colony, Kankarbagh, Patna, Bihar 800020","+91 95700 07600","https://dgsoftech.com/","4.7","30","Open"
"Clickkart Digital","Digital Marketing Agency","2nd Floor, NK Studio Building, Kangkar Bagh Road, opposite Gravity Mall, Ghrounda, Patna, Bihar 800020","+91 91555 83376","https://clickkartdigital.com/","4.9","68","Open"
"Blue Whistle Advertising","Digital Marketing Agency","Anand Tower, 4A, Exhibition Rd, beside Store, Patna, Bihar 800001","+91 81025 98797","http://bluewhistle.co.in/","4.8","47","Open"
"Digi Bharat ( Digital Marketing Agency )","Digital Marketing Agency","Shanti Niketan, Rampur Ln, Bazar Samiti, Bahadurpur, Patna, Bihar 800006","+91 81024 36362","https://www.youtube.com/@digibharat","4.4","32","Open"
"Defog Digital","Digital Marketing Agency","Housing Board Colony, Kankarbagh, Patna, Bihar 800020","+91 92636 38616","https://defogdigital.com/","5.0","61","Open"
"Affiniti Graphic Design & Digital Marketing Agency | Patna","Digital Marketing Agency","18, Rajeev Nagar, Patna, Bihar 800024","N/A","http://affiniti.co/","4.9","22","Open"
"Add24 Services Private Limited","Digital Marketing Agency","4th Floor, RK Plaza, near RGS Green Apartment, Mainpura, Patna, Bihar 800001","+91 79037 20065","https://add24.in/","4.8","47","Open"
"Brandflu - Digital Marketing Agency in Patna","Digital Marketing Agency","Radhika Apartment, 301, Indrapuri Rd Number 10, Harihar Path, Keshri Nagar, Patna, Bihar 800024","+91 89872 84489","https://brandflu.in/","4.6","13","Open"
"Best Digital Marketing Training Institute in Patna.","Digital Marketing Agency","Main Gate, Road No. 1, opposite Electricity Office, Rajendra Nagar, Patna, Bihar 800016","+91 97735 09320","http://www.digitalprabhat.in/","5.0","18","Open"
"Digihyfy - Digital marketing agency patna","Digital Marketing Agency","N/A","N/A","http://www.digihyfy.com/","5.0","14","Open"
"ClouDigital Multi Ventures Pvt. Ltd.","Digital Marketing Agency","Indira Nagar Main Rd, near Chanakya Law College, Postal Park, Mithapur, Patna, Bihar 800001","+91 85217 86536","https://cloudigital.in/","5.0","52","Open"
"BRAND RADIATOR","Digital Marketing Agency","303, 3rd floor, Signature Tower Kurjee Pul, Main Road, Patna, Bihar 800010","+91 91221 12704","https://brandradiator.com/","4.7","96","Open"
"Macrodigi","Digital Marketing Agency","Ist Floor, A-2, Rajendra Path, above Mohan Bullet, near Ashiana Hyundai, Pirmuhani, Bhattacharya More, Salimpur Ahra, Golambar, Patna, Bihar 800001","+91 95255 49596","No Website Available","5.0","51","Open"
